site,replicate,mean_arith_mm,sorting_arith_mm,skewness_arith_mm,kurtosis_arith_mm,mean_geom_mm,sorting_geom_mm,skewness_geom_mm,kurtosis_geom_mm,mean_log_phi,sorting_log_phi,skewness_log_phi,kurtosis_log_phi,mean_fw_phi,mean_fw_mm,sorting_fw_phi,skewness_fw_phi,kurtosis_fw_phi,fw_description
A,1,0.27556987154534845,0.2573217672615375,4.945103116902442,31.817883031380685,0.22590904922875196,0.5776857624460101,0.5111498991628971,5.819642317751758,2.1461860330277087,0.8334243846730186,-0.5111498991628971,5.819642317751758,1.7203670184784283,0.3034715087865156,0.7849528842895273,0.11552118089300702,1.3877852567142632,Medium sand
A,2,0.24775205811138015,0.2039924641984584,4.237159061529403,29.368478270126516,0.20307755105717065,0.6052834524969081,0.20526486385495507,4.251378908895202,2.2998973272794676,0.8732394352494398,-0.20526486385495601,4.251378908895201,1.8514589610411438,0.2771119899178145,0.8862279573724281,0.12719252134818726,1.152827225125214,Medium sand
A,3,0.24373746452223274,0.2889897381030335,4.942767542409647,29.562685490399158,0.1850414553895858,0.6558267376095115,0.8097325188627669,5.456422559512137,2.4340795766590264,0.9461579820316297,-0.8097325188627669,5.456422559512136,1.9774475601759756,0.2539387453615818,0.905705642504298,0.05796617231224502,1.0638435194851228,Medium sand
B,1,0.2752681347150259,0.32344732935275977,4.246916131561539,22.201486422506747,0.20776689357224787,0.640720681088613,1.317613309441436,5.640533910418659,2.2669623072682983,0.924364549201541,-1.3176133094414368,5.640533910418663,1.873438525317017,0.27292216569949046,0.8407739891072394,-0.15169565804346222,0.9802210821068805,Medium sand
B,2,0.4353480519480519,0.43623975447767616,2.671229541030919,9.621954819406346,0.32703001281674166,0.6821479660275341,0.931396875718074,4.056186865571588,1.6125050513507295,0.9841314877404166,-0.9313968757180736,4.05618686557159,1.134670290260079,0.4554389897351868,0.9788801802137361,-0.2815588741438009,1.293645423400168,Medium sand
B,3,0.26038062657544114,0.2265765577154822,5.007546153870717,35.89716902990825,0.2147305055359102,0.584495497369606,0.3166146376943454,4.937936881739083,2.2194009336902503,0.8432487554770591,-0.31661463769434495,4.937936881739077,1.7829252980777515,0.2905935732586314,0.8293039877060515,0.11854786424538304,1.1621163353208224,Medium sand
A  ,1,0.2581006006006006,0.21138173259890777,5.921901275707031,46.668415652942166,0.22303797012794863,0.4862844108510298,0.8645789807354045,6.6394980549497395,2.1646387584987523,0.701560107996392,-0.8645789807354056,6.639498054949741,1.7299074454221006,0.3014712968752304,0.7084544569715037,0.08956028687786947,1.1776376624165779,Medium sand
A,2,0.3180042480883602,0.34538199946645404,4.062997529922426,19.626054816870308,0.24973868487099007,0.593565434594968,1.3131852957004557,6.690785689877438,2.0015087808348873,0.8563339089332628,-1.3131852957004562,6.690785689877441,1.6188033959932124,0.3256054164141375,0.7449376974783894,0.026351646635346164,1.4854858189662639,Medium sand
A,3,0.3492010736944851,0.408329520300304,3.269093337422489,13.139134952613926,0.2546345675574342,0.6840157278210278,1.2710972731597792,5.106575889712542,1.9734998113178215,0.986826098417452,-1.2710972731597776,5.1065758897125395,1.5952458133862024,0.33096583122908285,0.992014581267737,-0.1525994966064722,1.6129985640764986,Medium sand
B,1,0.23193349753694578,0.1758431310664936,3.749973853352167,25.838511443348715,0.19290656146657104,0.5849665075770751,0.25405477399774856,3.8588045515187424,2.3740258792645195,0.8439282795675827,-0.2540547739977494,3.858804551518741,1.9072661331683454,0.26659726162001235,0.8670027748072018,0.05260916227693497,1.0410212494627138,Medium sand
B,2,0.22924128045867176,0.2337356194016036,5.160338210547073,35.81771286546427,0.1821439341743016,0.618102228006001,0.585707617796157,5.197556056922878,2.456849144178719,0.891733019106677,-0.585707617796157,5.197556056922878,1.9842791970322817,0.2527391042366691,0.8683116120203995,0.05230204601911918,1.0465436804166859,Medium sand
B,3,0.27073218444340935,0.11326016274427762,2.044200786750932,10.717717378817303,0.25115488296013105,0.3880198436700113,-0.21275337986297616,5.0996840420943315,1.9933507706883522,0.5597943042292362,0.21275337986297718,5.099684042094333,1.4911111111111113,0.3557384665741289,0.5845005363503138,0.0037321883386011436,1.3999515432748377,Medium sand
C,1,0.28179582484725046,0.17734837924278485,5.564741792041956,48.5275326711609,0.25366334634304727,0.4269821605150232,0.5808610369549182,6.901409403212689,1.9790130258971899,0.6160050455230793,-0.580861036954919,6.901409403212694,1.494389901823282,0.3549309032775535,0.5990661961724623,-0.01076486604125999,1.4334093235187244,Medium sand
C,2,0.26999339622641505,0.12690181152257413,2.6305555619493863,14.022291272808861,0.24782324952666715,0.40720242642982685,0.03656043350279788,5.057542371748657,2.0126165546913053,0.5874689212482642,-0.03656043350279644,5.0575423717486565,1.5095081967213115,0.35123093036298936,0.5990161280924424,0.0016565588632673793,1.4114047824197464,Medium sand
C,3,0.19250758213984834,0.0935194508362747,1.0579914489702151,5.109434907915544,0.17030965298555895,0.5148969323547904,-0.46493865202374823,3.0982962193734034,2.553767887001129,0.7428392508771964,0.4649386520237474,3.0982962193734003,2.023581411485155,0.2459468680277942,0.778347271367027,0.17394250221464944,0.8814736424718359,Fine sand
A,1,0.22531841999193875,0.22864663816989564,5.606992618999195,41.33544039213389,0.1809205861593822,0.6028110266056217,0.6027456878674103,5.229468046319844,2.466571519651831,0.8696724786771155,-0.6027456878674123,5.229468046319844,1.9892148411756951,0.25187592881401233,0.8537549053483178,0.06474860214569422,1.0061891782688401,Medium sand
A,2,0.19249158878504669,0.07850909480203322,1.3991676741522665,13.868271494868985,0.17662276693712634,0.42882666445559864,-0.45217432505195293,2.81689901100775,2.5012567743796668,0.6186661022110478,0.4521743250519511,2.8168990110077483,1.9822810946588032,0.25308938510508705,0.6657470363951452,0.12666880642979444,0.7644131429105524,Medium sand
A,3,0.1923129062209842,0.09289508739147789,1.1937696829328435,5.359242934391218,0.17156214314424992,0.48778238280113817,-0.23402379350498692,2.8110503880270605,2.5431968516266856,0.7037212247002042,0.234023793504986,2.8110503880270583,2.0259344487182935,0.2455460553614275,0.7470872901428702,0.10723546865853995,0.850608923441946,Fine sand
B,1,1.0222100997506234,0.5280692790383472,0.5311090613634191,2.8547009555450207,0.8609357947260722,0.6502592248417705,-0.994852900798449,3.5040688284328327,0.21602244389027425,0.9381257589715237,0.9948529007984491,3.5040688284328327,-0.19523679899518723,1.1449120671005717,0.8843150397989119,0.5141171822324535,1.3588646330083995,Very coarse sand
B,2,0.30381532416502943,0.2992807640293954,4.021574740698826,21.46909634074592,0.23989284392827398,0.6273719351958769,0.5827339438334399,5.419401394651529,2.0595379726173078,0.9051063797000037,-0.5827339438334388,5.419401394651528,1.6648471389204083,0.31537776636019527,0.8313703083018442,0.03776879487298239,1.5915210089088325,Medium sand
B,3,0.26635554497858166,0.13604683833794898,2.713592890619563,14.149991338012601,0.24080586536681808,0.44609854241288943,-0.15711562715496732,5.306906184035621,2.0540575622890587,0.6435841548868705,0.15711562715496724,5.306906184035622,1.5602727398529792,0.3390869717966422,0.6427128926681784,0.047011695640167224,1.4277350394898218,Medium sand
C,1,0.2602131499785131,0.16632776609649408,5.190128135203561,46.59022230968775,0.23111892256286337,0.46219706976775904,0.3905251349573979,5.226331786622203,2.1132927114556033,0.6668094204673564,-0.390525134957396,5.2263317866221985,1.6664989821725988,0.31501687476810813,0.6967174458794347,0.08633649913317804,1.326594465900391,Medium sand
C,2,0.21636870503597122,0.10577866395093072,2.4662436804323558,17.604090485954455,0.19384977036424939,0.4841924278351103,-0.4928370131667193,3.581626806497086,2.366989068823571,0.698542014473701,0.4928370131667205,3.5816268064970855,1.872434508178949,0.27311216697845714,0.7206840684849076,0.2958427039745004,0.9175214699044502,Medium sand
C,3,0.24291601343784994,0.1487526789706389,5.618471362272257,57.198424414483185,0.21726101606482573,0.4527793059002952,0.2888997992289067,4.9694022446900945,2.202498765170263,0.653222459239503,-0.28889979922890485,4.969402244690092,1.7482454777128786,0.2976635599270657,0.6958070836592459,0.11365974518281989,1.1054587098123791,Medium sand
